content_id,title,content_type,genre,release_date
1,Content 1,movie,drama,2025-10-16
2,Content 2,series,comedy,2024-10-08
3,Content 3,movie,thriller,2024-05-22
4,Content 4,movie,documentary,2025-07-12
5,Content 5,movie,drama,2025-03-08
6,Content 6,series,comedy,2024-04-05
7,Content 7,movie,documentary,2025-06-01
8,Content 8,live_event,comedy,2024-07-22
9,Content 9,song,drama,2025-04-04
10,Content 10,live_event,sports,2024-06-12
11,Content 11,series,comedy,2024-10-11
12,Content 12,movie,drama,2024-12-10
13,Content 13,movie,sports,2025-01-24
14,Content 14,song,drama,2024-12-18
15,Content 15,movie,music,2025-04-15
16,Content 16,song,thriller,2024-03-21
17,Content 17,song,documentary,2025-09-25
18,Content 18,movie,drama,2024-07-15
19,Content 19,series,sports,2025-11-08
20,Content 20,series,drama,2024-03-22
21,Content 21,song,music,2025-01-24
22,Content 22,song,comedy,2025-10-12
23,Content 23,song,comedy,2025-01-14
24,Content 24,song,thriller,2025-11-17
25,Content 25,movie,documentary,2025-11-30
26,Content 26,series,documentary,2025-10-12
27,Content 27,series,music,2024-09-07
28,Content 28,song,thriller,2025-01-23
29,Content 29,series,thriller,2025-12-05
30,Content 30,movie,comedy,2024-11-28
31,Content 31,song,music,2024-02-02
32,Content 32,movie,comedy,2024-10-01
33,Content 33,song,comedy,2025-08-03
34,Content 34,live_event,music,2025-11-02
35,Content 35,live_event,comedy,2025-10-20
36,Content 36,series,comedy,2024-09-28
37,Content 37,song,thriller,2025-07-28
38,Content 38,live_event,documentary,2025-08-21
39,Content 39,song,comedy,2025-02-12
40,Content 40,live_event,drama,2024-05-21
41,Content 41,movie,comedy,2024-02-18
42,Content 42,series,thriller,2025-10-04
43,Content 43,movie,music,2025-03-08
44,Content 44,live_event,documentary,2025-01-25
45,Content 45,movie,thriller,2024-09-14
46,Content 46,song,thriller,2024-04-27
47,Content 47,movie,sports,2024-12-14
48,Content 48,series,music,2025-03-21
49,Content 49,song,documentary,2024-01-04
50,Content 50,movie,thriller,2024-07-01
51,Content 51,series,comedy,2024-11-01
52,Content 52,series,documentary,2025-01-17
53,Content 53,movie,documentary,2025-06-27
54,Content 54,live_event,drama,2024-11-27
55,Content 55,song,sports,2024-04-24
56,Content 56,movie,comedy,2024-09-02
57,Content 57,movie,drama,2025-08-03
58,Content 58,movie,documentary,2025-05-12
59,Content 59,series,thriller,2024-05-08
60,Content 60,series,sports,2025-05-01
61,Content 61,live_event,comedy,2025-06-24
62,Content 62,series,thriller,2025-07-06
63,Content 63,live_event,thriller,2024-11-15
64,Content 64,song,music,2025-10-27
65,Content 65,live_event,drama,2025-06-13
66,Content 66,series,drama,2024-09-10
67,Content 67,movie,documentary,2024-12-12
68,Content 68,series,documentary,2025-07-21
69,Content 69,movie,drama,2024-08-13
70,Content 70,movie,comedy,2025-12-25
71,Content 71,movie,sports,2024-03-10
72,Content 72,series,sports,2024-03-13
73,Content 73,live_event,comedy,2025-11-16
74,Content 74,series,thriller,2025-07-06
75,Content 75,live_event,comedy,2025-08-07
76,Content 76,live_event,comedy,2025-04-29
77,Content 77,movie,thriller,2024-04-06
78,Content 78,song,music,2025-03-17
79,Content 79,live_event,thriller,2025-02-24
80,Content 80,movie,drama,2024-02-25
81,Content 81,song,drama,2025-02-16
82,Content 82,series,comedy,2024-09-11
83,Content 83,live_event,comedy,2025-07-03
84,Content 84,series,sports,2025-03-08
85,Content 85,series,drama,2025-04-18
86,Content 86,movie,drama,2025-03-29
87,Content 87,movie,drama,2025-10-29
88,Content 88,series,music,2024-08-30
89,Content 89,live_event,comedy,2025-05-12
90,Content 90,movie,comedy,2025-02-14
91,Content 91,movie,music,2025-01-23
92,Content 92,live_event,sports,2024-09-28
93,Content 93,live_event,comedy,2025-03-09
94,Content 94,song,comedy,2024-07-13
95,Content 95,movie,thriller,2024-02-29
96,Content 96,movie,drama,2024-11-17
97,Content 97,live_event,documentary,2025-08-21
98,Content 98,series,drama,2025-06-27
99,Content 99,movie,comedy,2025-06-04
100,Content 100,movie,thriller,2024-03-11
